Any,Equipament,Seu,TitolExposicio,Visites,DataInici,DataFi,TipusProduccio,Notes_Equipament,Codi_Districte,Nom_Districte,Codi_Barri,Nom_Barri,Titularitat,TipusGeneral,TipusEquipament,Ambit,Latitud,Longitud
2019,"Arts Santa Mònica. Centre de la Creativitat","Arts Santa Mònica. Centre de la Creativitat","Mosca de ball",682,03/10/2019,20/10/2019,Coproducció,,01,"Ciutat Vella",01,"el Raval","Pública no municipal","Museus i espais d'exposicions","Centres d'exposicions","Arts visuals",41.377227254,2.175597264
2019,"Arts Santa Mònica. Centre de la Creativitat","Arts Santa Mònica. Centre de la Creativitat","L'esclat dels còmics: contrastos i influències dels grans mestres de la historieta nord-americana",,08/11/2018,20/01/2019,Pròpia,,01,"Ciutat Vella",01,"el Raval","Pública no municipal","Museus i espais d'exposicions","Centres d'exposicions","Arts visuals",41.377227254,2.175597264
2019,"Arts Santa Mònica. Centre de la Creativitat","Arts Santa Mònica. Centre de la Creativitat","Si mireu el vent d'on ve. 50 anys del Grup de Folk",3376,29/01/2019,24/03/2019,Externa,,01,"Ciutat Vella",01,"el Raval","Pública no municipal","Museus i espais d'exposicions","Centres d'exposicions","Arts visuals",41.377227254,2.175597264
2019,"Arts Santa Mònica. Centre de la Creativitat","Arts Santa Mònica. Centre de la Creativitat","Un món paral·el",5132,23/05/2019,15/09/2019,Externa,,01,"Ciutat Vella",01,"el Raval","Pública no municipal","Museus i espais d'exposicions","Centres d'exposicions","Arts visuals",41.377227254,2.175597264
2019,"Arts Santa Mònica. Centre de la Creativitat","Arts Santa Mònica. Centre de la Creativitat","Autogeo. Matei Glass. Fotografia i vídeo",3383,13/06/2019,08/09/2019,Externa,,01,"Ciutat Vella",01,"el Raval","Pública no municipal","Museus i espais d'exposicions","Centres d'exposicions","Arts visuals",41.377227254,2.175597264
2019,"Arts Santa Mònica. Centre de la Creativitat","Arts Santa Mònica. Centre de la Creativitat","Estado de malestar (malestar_exhuberancia-anomalía). María ruido",,13/11/2018,13/01/2019,Coproducció,,01,"Ciutat Vella",01,"el Raval","Pública no municipal","Museus i espais d'exposicions","Centres d'exposicions","Arts visuals",41.377227254,2.175597264
2019,"Arts Santa Mònica. Centre de la Creativitat","Arts Santa Mònica. Centre de la Creativitat","Jo soc allò prohibit. Isaki Lacuesta",2267,13/11/2019,31/12/2019,Coproducció,,01,"Ciutat Vella",01,"el Raval","Pública no municipal","Museus i espais d'exposicions","Centres d'exposicions","Arts visuals",41.377227254,2.175597264
2019,"Arts Santa Mònica. Centre de la Creativitat","Arts Santa Mònica. Centre de la Creativitat","RCR. El Somni de la Vila",3932,02/07/2019,13/10/2019,Pròpia,,01,"Ciutat Vella",01,"el Raval","Pública no municipal","Museus i espais d'exposicions","Centres d'exposicions","Arts visuals",41.377227254,2.175597264
2019,"Arts Santa Mònica. Centre de la Creativitat","Arts Santa Mònica. Centre de la Creativitat","Lluís Llach. Com un arbre nu",1876,12/12/2019,31/12/2019,Pròpia,,01,"Ciutat Vella",01,"el Raval","Pública no municipal","Museus i espais d'exposicions","Centres d'exposicions","Arts visuals",41.377227254,2.175597264
2019,"Arts Santa Mònica. Centre de la Creativitat","Arts Santa Mònica. Centre de la Creativitat","(Al)most life, after all. Young Gallery Weekend",1658,26/09/2019,20/10/2019,Externa,,01,"Ciutat Vella",01,"el Raval","Pública no municipal","Museus i espais d'exposicions","Centres d'exposicions","Arts visuals",41.377227254,2.175597264
2019,"Arts Santa Mònica. Centre de la Creativitat","Arts Santa Mònica. Centre de la Creativitat","Vicenç Altaió, els ulls fèrtils",2240,30/10/2019,31/12/2019,Pròpia,,01,"Ciutat Vella",01,"el Raval","Pública no municipal","Museus i espais d'exposicions","Centres d'exposicions","Arts visuals",41.377227254,2.175597264
2019,"Arts Santa Mònica. Centre de la Creativitat","Arts Santa Mònica. Centre de la Creativitat","El desig de creure",2184,14/02/2019,14/04/2019,Externa,,01,"Ciutat Vella",01,"el Raval","Pública no municipal","Museus i espais d'exposicions","Centres d'exposicions","Arts visuals",41.377227254,2.175597264
2019,"Arts Santa Mònica. Centre de la Creativitat","Arts Santa Mònica. Centre de la Creativitat","Import Wallnie-Bruxelles / Export Barcelona. Re-activate the city",1431,04/04/2019,23/04/2019,Externa,,01,"Ciutat Vella",01,"el Raval","Pública no municipal","Museus i espais d'exposicions","Centres d'exposicions","Arts visuals",41.377227254,2.175597264
2019,"Arts Santa Mònica. Centre de la Creativitat","Arts Santa Mònica. Centre de la Creativitat","Núria Font. Cosmogonia del moviment",,17/11/2018,20/01/2019,Pròpia,,01,"Ciutat Vella",01,"el Raval","Pública no municipal","Museus i espais d'exposicions","Centres d'exposicions","Arts visuals",41.377227254,2.175597264
2019,"Arts Santa Mònica. Centre de la Creativitat","Arts Santa Mònica. Centre de la Creativitat","Les imatges eco. Isaki Lacuesta",4768,23/05/2019,15/09/2019,Coproducció,,01,"Ciutat Vella",01,"el Raval","Pública no municipal","Museus i espais d'exposicions","Centres d'exposicions","Arts visuals",41.377227254,2.175597264
2019,"Arts Santa Mònica. Centre de la Creativitat","Arts Santa Mònica. Centre de la Creativitat","Transitar. Orientar-se en un món canviant",752,22/01/2019,27/01/2019,Externa,,01,"Ciutat Vella",01,"el Raval","Pública no municipal","Museus i espais d'exposicions","Centres d'exposicions","Arts visuals",41.377227254,2.175597264
2019,"Arts Santa Mònica. Centre de la Creativitat","Arts Santa Mònica. Centre de la Creativitat","Aranès, l'occità de Catalunya",568,15/10/2019,27/10/2019,Externa,,01,"Ciutat Vella",01,"el Raval","Pública no municipal","Museus i espais d'exposicions","Centres d'exposicions","Arts visuals",41.377227254,2.175597264
2019,"Arts Santa Mònica. Centre de la Creativitat","Arts Santa Mònica. Centre de la Creativitat","David Torrents. Pirulís. Columnes d'expressió lliure",1799,14/02/2019,23/04/2019,Pròpia,,01,"Ciutat Vella",01,"el Raval","Pública no municipal","Museus i espais d'exposicions","Centres d'exposicions","Arts visuals",41.377227254,2.175597264
2019,"Arts Santa Mònica. Centre de la Creativitat","Arts Santa Mònica. Centre de la Creativitat","Immenses elles. Retrats de dones grans de diverses cultures",1227,15/02/2019,10/03/2019,Coproducció,,01,"Ciutat Vella",01,"el Raval","Pública no municipal","Museus i espais d'exposicions","Centres d'exposicions","Arts visuals",41.377227254,2.175597264
2019,"Arxiu Fotogràfic de Barcelona","Arxiu Fotogràfic de Barcelona","Eduard Olivella. documentant cultura",2963,27/11/2018,18/05/2019,Pròpia,,01,"Ciutat Vella",04,"Sant Pere, Santa Caterina i la Ribera",Municipal,"Arxius i biblioteques patrimonials",Arxius,"Història i memòria",41.386872640,2.181806284
2019,"Arxiu Fotogràfic de Barcelona","Arxiu Fotogràfic de Barcelona","La ciutat dels passatges. Abans de la Via Laietana",10585,18/06/2019,31/10/2019,Pròpia,,01,"Ciutat Vella",04,"Sant Pere, Santa Caterina i la Ribera",Municipal,"Arxius i biblioteques patrimonials",Arxius,"Història i memòria",41.386872640,2.181806284
2019,"Arxiu Fotogràfic de Barcelona","Arxiu Fotogràfic de Barcelona","Gràfica anarquista. fotografia i revolució social, 1936-1939",2789,27/11/2019,18/10/2020,Pròpia,,01,"Ciutat Vella",04,"Sant Pere, Santa Caterina i la Ribera",Municipal,"Arxius i biblioteques patrimonials",Arxius,"Història i memòria",41.386872640,2.181806284
2019,CaixaForum,CaixaForum,"Max Beckmann",98894,21/03/2019,26/05/2019,Pròpia,,03,Sants-Montjuïc,14,"la Font de la Guatlla",Privada,"Museus i espais d'exposicions","Centres d'exposicions","Arts visuals",41.371294526,2.149575441
2019,CaixaForum,CaixaForum,"Poètiques de l 'emoció",60639,07/03/2019,19/05/2019,Pròpia,,03,Sants-Montjuïc,14,"la Font de la Guatlla",Privada,"Museus i espais d'exposicions","Centres d'exposicions","Arts visuals",41.371294526,2.149575441
2019,CaixaForum,CaixaForum,"Velázquez i el segle d'or",165901,15/11/2018,01/03/2019,Pròpia,,03,Sants-Montjuïc,14,"la Font de la Guatlla",Privada,"Museus i espais d'exposicions","Centres d'exposicions","Arts visuals",41.371294526,2.149575441
2019,CaixaForum,CaixaForum,"En caiguda lliure",37843,10/10/2019,09/03/2020,Pròpia,,03,Sants-Montjuïc,14,"la Font de la Guatlla",Privada,"Museus i espais d'exposicions","Centres d'exposicions","Arts visuals",41.371294526,2.149575441
2019,CaixaForum,CaixaForum,"La pintura. Un repte permanent",47275,27/06/2019,29/09/2019,Pròpia,,03,Sants-Montjuïc,14,"la Font de la Guatlla",Privada,"Museus i espais d'exposicions","Centres d'exposicions","Arts visuals",41.371294526,2.149575441
2019,CaixaForum,CaixaForum,"Luxe. Dels assiris a Alexandria",93338,05/04/2019,11/08/2019,Pròpia,,03,Sants-Montjuïc,14,"la Font de la Guatlla",Privada,"Museus i espais d'exposicions","Centres d'exposicions","Arts visuals",41.371294526,2.149575441
2019,CaixaForum,CaixaForum,"Òpera. Passió, poder i política",73305,19/09/2019,26/01/2020,Pròpia,,03,Sants-Montjuïc,14,"la Font de la Guatlla",Privada,"Museus i espais d'exposicions","Centres d'exposicions","Arts visuals",41.371294526,2.149575441
2019,CaixaForum,CaixaForum,"Una certa Foscor",97943,19/06/2018,05/01/2019,Pròpia,,03,Sants-Montjuïc,14,"la Font de la Guatlla",Privada,"Museus i espais d'exposicions","Centres d'exposicions","Arts visuals",41.371294526,2.149575441
2019,CaixaForum,CaixaForum,"Construint nous mons",39962,12/06/2019,15/09/2019,Pròpia,,03,Sants-Montjuïc,14,"la Font de la Guatlla",Privada,"Museus i espais d'exposicions","Centres d'exposicions","Arts visuals",41.371294526,2.149575441
2019,CaixaForum,CaixaForum,"L'enemic viu al sofà",30560,26/11/2018,03/02/2019,Pròpia,,03,Sants-Montjuïc,14,"la Font de la Guatlla",Privada,"Museus i espais d'exposicions","Centres d'exposicions","Arts visuals",41.371294526,2.149575441
2019,CaixaForum,CaixaForum,"Modernisme i Modernitat (Edifici)",48224,02/01/2018,31/12/2019,Pròpia,,03,Sants-Montjuïc,14,"la Font de la Guatlla",Privada,"Museus i espais d'exposicions","Centres d'exposicions","Arts visuals",41.371294526,2.149575441
2019,CaixaForum,CaixaForum,"Toulouse Lautrec i el esperit de Montmatre ",196631,18/10/2018,20/01/2019,Pròpia,,03,Sants-Montjuïc,14,"la Font de la Guatlla",Privada,"Museus i espais d'exposicions","Centres d'exposicions","Arts visuals",41.371294526,2.149575441
2019,CaixaForum,CaixaForum,"Càmera i ciutat",45027,31/10/2019,08/03/2020,Pròpia,,03,Sants-Montjuïc,14,"la Font de la Guatlla",Privada,"Museus i espais d'exposicions","Centres d'exposicions","Arts visuals",41.371294526,2.149575441
2019,CaixaForum,CaixaForum,"Joseph Beuys. Instal·lació permanent",14526,02/01/2018,31/12/2019,Pròpia,,03,Sants-Montjuïc,14,"la Font de la Guatlla",Privada,"Museus i espais d'exposicions","Centres d'exposicions","Arts visuals",41.371294526,2.149575441
2019,"Can Framis. Fundació Vila Casas","Can Framis. Fundació Vila Casas","Premis Ynglada Guillot",776,01/07/2019,28/07/2019,Coproducció,,02,Eixample,66,"el Parc i la Llacuna del Poblenou",Privada,"Museus i espais d'exposicions","Museus i col·leccions","Arts visuals",41.402912812,2.194947848
2019,"Can Framis. Fundació Vila Casas","Can Framis. Fundació Vila Casas","Patrim. Universitat de Barcelona",776,01/07/2019,28/07/2019,Coproducció,,02,Eixample,66,"el Parc i la Llacuna del Poblenou",Privada,"Museus i espais d'exposicions","Museus i col·leccions","Arts visuals",41.402912812,2.194947848
2019,"Can Framis. Fundació Vila Casas","Can Framis. Fundació Vila Casas","Jorge Pombo ""Viatge a l'essència de la pintura""",552,01/01/2019,20/01/2019,Pròpia,,02,Eixample,66,"el Parc i la Llacuna del Poblenou",Privada,"Museus i espais d'exposicions","Museus i col·leccions","Arts visuals",41.402912812,2.194947848
2019,"Can Framis. Fundació Vila Casas","Can Framis. Fundació Vila Casas","Premi Pintura 2019",2681,01/10/2019,31/12/2019,Pròpia,,02,Eixample,66,"el Parc i la Llacuna del Poblenou",Privada,"Museus i espais d'exposicions","Museus i col·leccions","Arts visuals",41.402912812,2.194947848
2019,"Can Framis. Fundació Vila Casas","Can Framis. Fundació Vila Casas","Sanchez Montañes ""No como el caos""",552,01/01/2019,20/01/2019,Pròpia,,02,Eixample,66,"el Parc i la Llacuna del Poblenou",Privada,"Museus i espais d'exposicions","Museus i col·leccions","Arts visuals",41.402912812,2.194947848
2019,"Can Framis. Fundació Vila Casas","Can Framis. Fundació Vila Casas","Jordi Fulla. ""Llindar i celístia""",6835,11/02/2019,16/06/2019,Pròpia,,02,Eixample,66,"el Parc i la Llacuna del Poblenou",Privada,"Museus i espais d'exposicions","Museus i col·leccions","Arts visuals",41.402912812,2.194947848
2019,"Can Framis. Fundació Vila Casas","Can Framis. Fundació Vila Casas","Paul Daly ""Living Matter""",2681,01/10/2019,31/12/2019,Pròpia,,02,Eixample,66,"el Parc i la Llacuna del Poblenou",Privada,"Museus i espais d'exposicions","Museus i col·leccions","Arts visuals",41.402912812,2.194947848
2019,"Casa Vicens","Casa Vicens","""The Bee Who Forgot the Honey"" Videoinstalació LOOP",1812,12/11/2019,24/11/2019,Altres,,06,Gràcia,31,"la Vila de Gràcia",Privada,"Museus i espais d'exposicions","Espais d'interès arquitectònic","Història i memòria",41.4036093,2.1512308
2019,"Casa Vicens","Casa Vicens","""Escates, art contemporani a Casa Vicens"" Barcelona Gallery Weekend",4543,10/10/2019,10/11/2019,Altres,,06,Gràcia,31,"la Vila de Gràcia",Privada,"Museus i espais d'exposicions","Espais d'interès arquitectònic","Història i memòria",41.4036093,2.1512308
2019,"Casa Vicens","Casa Vicens","La primera casa",163096,01/01/2018,31/12/2019,Pròpia,,06,Gràcia,31,"la Vila de Gràcia",Privada,"Museus i espais d'exposicions","Espais d'interès arquitectònic","Història i memòria",41.4036093,2.1512308
2019,"Casa Vicens","Casa Vicens","""Un romanço de nassos"" obres de la col·leció d'art NAVESO de Fundació Ernesto Ventós",2202,17/12/2019,31/12/2019,Altres,,06,Gràcia,31,"la Vila de Gràcia",Privada,"Museus i espais d'exposicions","Espais d'interès arquitectònic","Història i memòria",41.4036093,2.1512308
2019,"Castell de Montjuïc","Castell de Montjuïc","L'Art de la Guerra",143037,27/06/2019,09/01/2020,Pròpia,,03,Sants-Montjuïc,11,"el Poble-sec",Municipal,"Museus i espais d'exposicions","Museus i col·leccions","Història i memòria",41.3675648,2.1685315
2019,"Castell de Montjuïc","Castell de Montjuïc","Espectres visibles",38616,08/10/2019,31/01/2020,Externa,,03,Sants-Montjuïc,11,"el Poble-sec",Municipal,"Museus i espais d'exposicions","Museus i col·leccions","Història i memòria",41.3675648,2.1685315
2019,"Castell de Montjuïc","Castell de Montjuïc","Cercant la llibertat: 1968-2018",104164,27/11/2018,09/06/2019,Externa,,03,Sants-Montjuïc,11,"el Poble-sec",Municipal,"Museus i espais d'exposicions","Museus i col·leccions","Història i memòria",41.3675648,2.1685315
2019,"Centre de Cultura Contemporània de Barcelona. CCCB","Centre de Cultura Contemporània de Barcelona. CCCB",Feminismes!,66375,18/07/2019,05/01/2020,Coproducció,,01,"Ciutat Vella",01,"el Raval","Consorci o fundació amb presència municipal","Museus i espais d'exposicions","Centres d'exposicions","Arts visuals",41.383883057,2.166795152
2019,"Centre de Cultura Contemporània de Barcelona. CCCB","Centre de Cultura Contemporània de Barcelona. CCCB","World Press Photo 2019",52439,26/04/2019,26/05/2019,Coproducció,,01,"Ciutat Vella",01,"el Raval","Consorci o fundació amb presència municipal","Museus i espais d'exposicions","Centres d'exposicions","Arts visuals",41.383883057,2.166795152
2019,"Centre de Cultura Contemporània de Barcelona. CCCB","Centre de Cultura Contemporània de Barcelona. CCCB","Exposició Quàntica",80281,09/04/2019,24/09/2019,Coproducció,,01,"Ciutat Vella",01,"el Raval","Consorci o fundació amb presència municipal","Museus i espais d'exposicions","Centres d'exposicions","Arts visuals",41.383883057,2.166795152
2019,"Centre de Cultura Contemporània de Barcelona. CCCB","Centre de Cultura Contemporània de Barcelona. CCCB","Stanley Kubrick",86197,23/10/2018,31/03/2019,Coproducció,,01,"Ciutat Vella",01,"el Raval","Consorci o fundació amb presència municipal","Museus i espais d'exposicions","Centres d'exposicions","Arts visuals",41.383883057,2.166795152
2019,"Centre de Cultura Contemporània de Barcelona. CCCB","Centre de Cultura Contemporània de Barcelona. CCCB","Gameplay. Cultura del videojoc",6324,18/12/2019,30/08/2020,Pròpia,,01,"Ciutat Vella",01,"el Raval","Consorci o fundació amb presència municipal","Museus i espais d'exposicions","Centres d'exposicions","Arts visuals",41.383883057,2.166795152
2019,CosmoCaixa,CosmoCaixa,"Sabres i Mastodonts",159515,12/04/2019,31/12/2019,Coproducció,,05,"Sarrià-Sant Gervasi",25,"Sant Gervasi - la Bonanova",Privada,"Museus i espais d'exposicions","Museus i col·leccions",Ciència,41.413267367,2.130658424
2019,CosmoCaixa,CosmoCaixa,"Robots. Els humans i les màquines",46698,12/07/2018,03/02/2019,Coproducció,,05,"Sarrià-Sant Gervasi",25,"Sant Gervasi - la Bonanova",Privada,"Museus i espais d'exposicions","Museus i col·leccions",Ciència,41.413267367,2.130658424
2019,CosmoCaixa,CosmoCaixa,"Miralls. Dins i fora de la realitat",513825,12/04/2019,31/12/2019,Pròpia,,05,"Sarrià-Sant Gervasi",25,"Sant Gervasi - la Bonanova",Privada,"Museus i espais d'exposicions","Museus i col·leccions",Ciència,41.413267367,2.130658424
2019,CosmoCaixa,CosmoCaixa,"Tintín i la Lluna",229790,17/12/2018,27/05/2019,Pròpia,,05,"Sarrià-Sant Gervasi",25,"Sant Gervasi - la Bonanova",Privada,"Museus i espais d'exposicions","Museus i col·leccions",Ciència,41.413267367,2.130658424
2019,"El Born Centre de Cultura i Memòria","El Born Centre de Cultura i Memòria","Renau. El combat per una nova cultura",10379,13/06/2019,13/10/2019,Pròpia,,01,"Ciutat Vella",04,"Sant Pere, Santa Caterina i la Ribera",Municipal,"Museus i espais d'exposicions","Museus i col·leccions","Història i memòria",41.385641483,2.183568044
2019,"El Born Centre de Cultura i Memòria","El Born Centre de Cultura i Memòria","Una infància sota les bombes",4126,27/09/2018,31/03/2019,Pròpia,,01,"Ciutat Vella",04,"Sant Pere, Santa Caterina i la Ribera",Municipal,"Museus i espais d'exposicions","Museus i col·leccions","Història i memòria",41.385641483,2.183568044
2019,"Espai Bombers Parc de la Prevenció","Espai Bombers Parc de la Prevenció","Els bombers i les bombes a vapor.1826-1920",11898,26/04/2018,30/09/2020,Pròpia,,03,Sants-Montjuïc,11,"el Poble-sec",Municipal,"Museus i espais d'exposicions","Museus i col·leccions","Història i memòria",41.373639,2.1543788
2019,"Espai Bombers Parc de la Prevenció","Espai Bombers Parc de la Prevenció","Memòries Incandescents",1269,01/10/2019,03/11/2019,Externa,,03,Sants-Montjuïc,11,"el Poble-sec",Municipal,"Museus i espais d'exposicions","Museus i col·leccions","Història i memòria",41.373639,2.1543788
2019,"Espais VolART i VolART2. Fundació Vila Casas","Espais VolART i VolART2. Fundació Vila Casas","Maillol-Hovart/ Lídia Mallorens/ Art Citerior",3796,26/09/2019,15/12/2019,Pròpia,,02,Eixample,07,"la Dreta de Eixample",Privada,"Museus i espais d'exposicions","Centres d'exposicions","Arts visuals",41.390963134,2.175293998
2019,"Espais VolART i VolART2. Fundació Vila Casas","Espais VolART i VolART2. Fundació Vila Casas","Jaume Xifre-home-natura-realitat/ Itiner'Art",1097,06/06/2019,28/07/2019,Pròpia,,02,Eixample,07,"la Dreta de Eixample",Privada,"Museus i espais d'exposicions","Centres d'exposicions","Arts visuals",41.390963134,2.175293998
2019,"Espais VolART i VolART2. Fundació Vila Casas","Espais VolART i VolART2. Fundació Vila Casas","Guinovart- Larealitat transformada",5265,24/01/2019,18/02/2019,Pròpia,,02,Eixample,07,"la Dreta de Eixample",Privada,"Museus i espais d'exposicions","Centres d'exposicions","Arts visuals",41.390963134,2.175293998
2019,"Fabra i Coats - Centre d'Art Contemporani","Fabra i Coats - Centre d'Art Contemporani","10 anys En Residència",2612,11/04/2019,30/06/2019,Pròpia,,09,"Sant Andreu",60,"Sant Andreu",Municipal,"Museus i espais d'exposicions","Centres d'exposicions","Arts visuals",41.433762956,2.190815632
2019,"Fabra i Coats - Centre d'Art Contemporani","Fabra i Coats - Centre d'Art Contemporani","Collapse. Joan Morey",185,19/09/2018,13/01/2019,Pròpia,,09,"Sant Andreu",60,"Sant Andreu",Municipal,"Museus i espais d'exposicions","Centres d'exposicions","Arts visuals",41.433762956,2.190815632
2019,"Fabra i Coats - Centre d'Art Contemporani","Fabra i Coats - Centre d'Art Contemporani",ProdArt'19,373,27/06/2019,21/07/2019,Pròpia,,09,"Sant Andreu",60,"Sant Andreu",Municipal,"Museus i espais d'exposicions","Centres d'exposicions","Arts visuals",41.433762956,2.190815632
2019,"Fabra i Coats - Centre d'Art Contemporani","Fabra i Coats - Centre d'Art Contemporani","Un dia em vaig creuar amb un meteorit",1223,12/11/2019,19/01/2020,Coproducció,,09,"Sant Andreu",60,"Sant Andreu",Municipal,"Museus i espais d'exposicions","Centres d'exposicions","Arts visuals",41.433762956,2.190815632
2019,"Fabra i Coats - Centre d'Art Contemporani","Fabra i Coats - Centre d'Art Contemporani","Besòs A Noble Ecosystem",1496,23/01/2019,03/03/2019,Pròpia,,09,"Sant Andreu",60,"Sant Andreu",Municipal,"Museus i espais d'exposicions","Centres d'exposicions","Arts visuals",41.433762956,2.190815632
2019,"Fabra i Coats - Centre d'Art Contemporani","Fabra i Coats - Centre d'Art Contemporani","ON Meditation ESC-OUT",1113,05/02/2019,17/03/2019,Coproducció,,09,"Sant Andreu",60,"Sant Andreu",Municipal,"Museus i espais d'exposicions","Centres d'exposicions","Arts visuals",41.433762956,2.190815632
2019,"Fabra i Coats - Centre d'Art Contemporani","Fabra i Coats - Centre d'Art Contemporani","Your Phone is a Cop",1453,17/01/2019,17/03/2019,Pròpia,,09,"Sant Andreu",60,"Sant Andreu",Municipal,"Museus i espais d'exposicions","Centres d'exposicions","Arts visuals",41.433762956,2.190815632
2019,"Fabra i Coats - Centre d'Art Contemporani","Fabra i Coats - Centre d'Art Contemporani","Sant Andreu Contemporani 2019",1192,17/05/2019,16/06/2019,Pròpia,,09,"Sant Andreu",60,"Sant Andreu",Municipal,"Museus i espais d'exposicions","Centres d'exposicions","Arts visuals",41.433762956,2.190815632
2019,"Fabra i Coats - Centre d'Art Contemporani","Fabra i Coats - Centre d'Art Contemporani","Art i aules",896,14/03/2019,01/04/2019,Externa,,09,"Sant Andreu",60,"Sant Andreu",Municipal,"Museus i espais d'exposicions","Centres d'exposicions","Arts visuals",41.433762956,2.190815632
2019,"Fabra i Coats - Centre d'Art Contemporani","Fabra i Coats - Centre d'Art Contemporani","Mireia Sallarès",1460,14/02/2019,28/04/2019,Pròpia,,09,"Sant Andreu",60,"Sant Andreu",Municipal,"Museus i espais d'exposicions","Centres d'exposicions","Arts visuals",41.433762956,2.190815632
2019,"Fabra i Coats - Centre d'Art Contemporani","Fabra i Coats - Centre d'Art Contemporani","Rehogarx . Dispositius en obert",1616,18/09/2019,27/10/2019,Pròpia,,09,"Sant Andreu",60,"Sant Andreu",Municipal,"Museus i espais d'exposicions","Centres d'exposicions","Arts visuals",41.433762956,2.190815632
2019,"Fundació Antoni Tàpies","Fundació Antoni Tàpies","Antoni Tàpies -  Teatre",5097,25/10/2019,19/04/2020,Pròpia,,02,Eixample,07,"la Dreta de Eixample","Consorci o fundació amb presència municipal","Museus i espais d'exposicions","Museus i col·leccions","Arts visuals",41.391522171,2.163757744
2019,"Fundació Antoni Tàpies","Fundació Antoni Tàpies","Erkan Özgen. Giving Voices	",6632,13/11/2018,17/02/2019,Pròpia,,02,Eixample,07,"la Dreta de Eixample","Consorci o fundació amb presència municipal","Museus i espais d'exposicions","Museus i col·leccions","Arts visuals",41.391522171,2.163757744
2019,"Fundació Antoni Tàpies","Fundació Antoni Tàpies","Antoni Tàpies -  Certeses Sentides",38562,18/03/2019,16/02/2020,Pròpia,,02,Eixample,07,"la Dreta de Eixample","Consorci o fundació amb presència municipal","Museus i espais d'exposicions","Museus i col·leccions","Arts visuals",41.391522171,2.163757744
2019,"Fundació Antoni Tàpies","Fundació Antoni Tàpies","Ariela Aïsha Azulay. Errata",7644,11/10/2019,12/01/2020,Pròpia,,02,Eixample,07,"la Dreta de Eixample","Consorci o fundació amb presència municipal","Museus i espais d'exposicions","Museus i col·leccions","Arts visuals",41.391522171,2.163757744
2019,"Fundació Antoni Tàpies","Fundació Antoni Tàpies","Albert Serra",16459,18/03/2019,09/06/2019,Pròpia,,02,Eixample,07,"la Dreta de Eixample","Consorci o fundació amb presència municipal","Museus i espais d'exposicions","Museus i col·leccions","Arts visuals",41.391522171,2.163757744
2019,"Fundació Antoni Tàpies","Fundació Antoni Tàpies","Antoni Tàpies. Biografia Politica",6632,08/06/2018,17/02/2019,Pròpia,,02,Eixample,07,"la Dreta de Eixample","Consorci o fundació amb presència municipal","Museus i espais d'exposicions","Museus i col·leccions","Arts visuals",41.391522171,2.163757744
2019,"Fundació Antoni Tàpies","Fundació Antoni Tàpies","Hanna Collins",10597,21/06/2019,13/10/2019,Pròpia,,02,Eixample,07,"la Dreta de Eixample","Consorci o fundació amb presència municipal","Museus i espais d'exposicions","Museus i col·leccions","Arts visuals",41.391522171,2.163757744
2019,"Fundació Foto Colectania","Fundació Foto Colectania","Estructures d'Identitat. The Walther Collection",7957,14/11/2018,10/03/2019,Pròpia,,01,"Ciutat Vella",04,"Sant Pere, Santa Caterina i la Ribera",Privada,"Museus i espais d'exposicions","Museus i col·leccions","Arts visuals",41.3876349,2.1827391
2019,"Fundació Foto Colectania","Fundació Foto Colectania","Laia Abril. On Abortion                                                                             ",5960,28/03/2019,09/06/2019,Coproducció,,01,"Ciutat Vella",04,"Sant Pere, Santa Caterina i la Ribera",Privada,"Museus i espais d'exposicions","Museus i col·leccions","Arts visuals",41.3876349,2.1827391
2019,"Fundació Foto Colectania","Fundació Foto Colectania","La Movida. Crònica d'una agitació ",10400,17/10/2019,23/02/2020,Pròpia,,01,"Ciutat Vella",04,"Sant Pere, Santa Caterina i la Ribera",Privada,"Museus i espais d'exposicions","Museus i col·leccions","Arts visuals",41.3876349,2.1827391
2019,"Fundació Foto Colectania","Fundació Foto Colectania","La bellesa de les línies",10190,20/06/2019,29/09/2019,Externa,,01,"Ciutat Vella",04,"Sant Pere, Santa Caterina i la Ribera",Privada,"Museus i espais d'exposicions","Museus i col·leccions","Arts visuals",41.3876349,2.1827391
2019,"Fundació Joan Miró","Fundació Joan Miró","Esperanza Urdeix ""Mira per aprendre a viure""",9236,02/10/2018,27/01/2019,Pròpia,,03,Sants-Montjuïc,11,"el Poble-sec","Consorci o fundació amb presència municipal","Museus i espais d'exposicions","Museus i col·leccions","Arts escèniques,Arts visuals",41.36863,2.159851
2019,"Fundació Joan Miró","Fundació Joan Miró","Joaquim Gomis ""Cunningham, Cage i Tudor (Sitges 1966)""",48166,10/09/2019,26/01/2020,Pròpia,,03,Sants-Montjuïc,11,"el Poble-sec","Consorci o fundació amb presència municipal","Museus i espais d'exposicions","Museus i col·leccions","Arts escèniques,Arts visuals",41.36863,2.159851
2019,"Fundació Joan Miró","Fundació Joan Miró","Lara Fluxà ""Verni""",545,16/11/2018,06/01/2019,Pròpia,,03,Sants-Montjuïc,11,"el Poble-sec","Consorci o fundació amb presència municipal","Museus i espais d'exposicions","Museus i col·leccions","Arts escèniques,Arts visuals",41.36863,2.159851
2019,"Fundació Joan Miró","Fundació Joan Miró","""Coetanis""",37,08/01/2019,20/01/2019,Pròpia,,03,Sants-Montjuïc,11,"el Poble-sec","Consorci o fundació amb presència municipal","Museus i espais d'exposicions","Museus i col·leccions","Arts escèniques,Arts visuals",41.36863,2.159851
2019,"Fundació Joan Miró","Fundació Joan Miró","Thao Nguyen Phan ""Becoming Alluvium""",11490,16/11/2019,06/01/2020,Externa,,03,Sants-Montjuïc,11,"el Poble-sec","Consorci o fundació amb presència municipal","Museus i espais d'exposicions","Museus i col·leccions","Arts escèniques,Arts visuals",41.36863,2.159851
2019,"Fundació Joan Miró","Fundació Joan Miró","Beatriz Olabarrieta ""Faces""",1283,20/12/2019,22/03/2020,Pròpia,,03,Sants-Montjuïc,11,"el Poble-sec","Consorci o fundació amb presència municipal","Museus i espais d'exposicions","Museus i col·leccions","Arts escèniques,Arts visuals",41.36863,2.159851
2019,"Fundació Joan Miró","Fundació Joan Miró","""Senyes d'indentitat. Retrats de dones""",45,19/12/2018,20/01/2019,Pròpia,,03,Sants-Montjuïc,11,"el Poble-sec","Consorci o fundació amb presència municipal","Museus i espais d'exposicions","Museus i col·leccions","Arts escèniques,Arts visuals",41.36863,2.159851
2019,"Fundació Joan Miró","Fundació Joan Miró","Joaquim Gomis ""Bo Bardi apareix en el Gaudí vist per Gomis""",95105,29/01/2019,02/06/2019,Pròpia,,03,Sants-Montjuïc,11,"el Poble-sec","Consorci o fundació amb presència municipal","Museus i espais d'exposicions","Museus i col·leccions","Arts escèniques,Arts visuals",41.36863,2.159851
2019,"Fundació Joan Miró","Fundació Joan Miró","Laia Estruch ""Crol""",5466,19/09/2019,08/12/2019,Pròpia,,03,Sants-Montjuïc,11,"el Poble-sec","Consorci o fundació amb presència municipal","Museus i espais d'exposicions","Museus i col·leccions","Arts escèniques,Arts visuals",41.36863,2.159851
2019,"Fundació Joan Miró","Fundació Joan Miró","Paco Chanivet ""Interregne""",6875,05/07/2019,08/09/2019,Pròpia,,03,Sants-Montjuïc,11,"el Poble-sec","Consorci o fundació amb presència municipal","Museus i espais d'exposicions","Museus i col·leccions","Arts escèniques,Arts visuals",41.36863,2.159851
2019,"Fundació Joan Miró","Fundació Joan Miró","""Lee Miller i el surrealisme a la Gran Bretanya""",15298,31/10/2018,20/01/2019,Pròpia,,03,Sants-Montjuïc,11,"el Poble-sec","Consorci o fundació amb presència municipal","Museus i espais d'exposicions","Museus i col·leccions","Arts escèniques,Arts visuals",41.36863,2.159851
2019,"Fundació Joan Miró","Fundació Joan Miró","Beatriz Caravaggio ""Different Trains""",89963,13/06/2019,06/10/2019,Externa,,03,Sants-Montjuïc,11,"el Poble-sec","Consorci o fundació amb presència municipal","Museus i espais d'exposicions","Museus i col·leccions","Arts escèniques,Arts visuals",41.36863,2.159851
2019,"Fundació Joan Miró","Fundació Joan Miró","Vanesa Varela. ""A la mà la memòria""",5353,18/01/2019,24/03/2019,Pròpia,,03,Sants-Montjuïc,11,"el Poble-sec","Consorci o fundació amb presència municipal","Museus i espais d'exposicions","Museus i col·leccions","Arts escèniques,Arts visuals",41.36863,2.159851
2019,"Fundació Joan Miró","Fundació Joan Miró","Für Alle Fälle. ""Trapalladas, espantallos, farandulos""",8346,05/04/2019,24/06/2019,Pròpia,,03,Sants-Montjuïc,11,"el Poble-sec","Consorci o fundació amb presència municipal","Museus i espais d'exposicions","Museus i col·leccions","Arts escèniques,Arts visuals",41.36863,2.159851
2019,"Fundació Joan Miró","Fundació Joan Miró","Juan Bufill ""Invisible visible (la llum natural)""",48373,04/06/2019,08/09/2019,Pròpia,,03,Sants-Montjuïc,11,"el Poble-sec","Consorci o fundació amb presència municipal","Museus i espais d'exposicions","Museus i col·leccions","Arts escèniques,Arts visuals",41.36863,2.159851
2019,"Fundació Joan Miró","Fundació Joan Miró","Lina Bo Bardi dibuixa",92735,15/02/2019,26/05/2019,Pròpia,,03,Sants-Montjuïc,11,"el Poble-sec","Consorci o fundació amb presència municipal","Museus i espais d'exposicions","Museus i col·leccions","Arts escèniques,Arts visuals",41.36863,2.159851
2019,"Fundació Joan Miró","Fundació Joan Miró","Patricia Dauder ""Alineacions""",,29/11/2018,06/01/2019,Pròpia,,03,Sants-Montjuïc,11,"el Poble-sec","Consorci o fundació amb presència municipal","Museus i espais d'exposicions","Museus i col·leccions","Arts escèniques,Arts visuals",41.36863,2.159851
2019,"Fundació Joan Miró","Fundació Joan Miró","Art sonor?",36021,26/10/2019,23/02/2020,Pròpia,,03,Sants-Montjuïc,11,"el Poble-sec","Consorci o fundació amb presència municipal","Museus i espais d'exposicions","Museus i col·leccions","Arts escèniques,Arts visuals",41.36863,2.159851
2019,"Fundació Joan Miró","Fundació Joan Miró","""Miró-Gaudí-Gomis""",106590,08/06/2019,06/10/2019,Pròpia,,03,Sants-Montjuïc,11,"el Poble-sec","Consorci o fundació amb presència municipal","Museus i espais d'exposicions","Museus i col·leccions","Arts escèniques,Arts visuals",41.36863,2.159851
2019,"Fundació Suñol","Fundació Suñol","ACTE 40: Sinéad Spelman. Descanso en la huida",189,30/11/2018,12/01/2019,Pròpia,,04,"Les Corts",20,"la Maternitat i Sant Ramon",Privada,"Museus i espais d'exposicions","Museus i col·leccions","Arts visuals",41.3826167,2.1262746
2019,"Fundació Suñol","Fundació Suñol","Luis Bisbe. Aixòlaresta",886,15/11/2019,23/11/2019,Pròpia,,04,"Les Corts",20,"la Maternitat i Sant Ramon",Privada,"Museus i espais d'exposicions","Museus i col·leccions","Arts visuals",41.3826167,2.1262746
2019,"Fundación Mapfre Casa Garriga i Nogués","Fundación Mapfre Casa Garriga i Nogués","RICHARD LEAROYD",14824,01/01/2019,31/12/2019,Altres,,02,Eixample,07,"la Dreta de Eixample",Privada,"Museus i espais d'exposicions","Centres d'exposicions","Arts visuals",41.3888884,2.1652352
2019,"Fundación Mapfre Casa Garriga i Nogués","Fundación Mapfre Casa Garriga i Nogués","BERENICE ABBOT. Retrats de la Modernitat",20899,01/01/2019,31/12/2019,Altres,,02,Eixample,07,"la Dreta de Eixample",Privada,"Museus i espais d'exposicions","Centres d'exposicions","Arts visuals",41.3888884,2.1652352
2019,"Fundación Mapfre Casa Garriga i Nogués","Fundación Mapfre Casa Garriga i Nogués","TOCAR EL COLOR. La renovació el pastel",40864,01/01/2019,31/12/2019,Altres,,02,Eixample,07,"la Dreta de Eixample",Privada,"Museus i espais d'exposicions","Centres d'exposicions","Arts visuals",41.3888884,2.1652352
2019,"Hash Marihuana Cáñamo & Hemp Museum","Hash Marihuana Cáñamo & Hemp Museum","We are Mary Jane",20000,14/03/2019,29/12/2019,Pròpia,,01,"Ciutat Vella",02,"el Barri Gòtic",Privada,"Museus i espais d'exposicions","Museus i col·leccions","Història i memòria",41.380783393,2.180139311
2019,"La Capella","La Capella","Turba Turbo",3746,04/12/2019,16/02/2020,Pròpia,,01,"Ciutat Vella",01,"el Raval",Municipal,"Museus i espais d'exposicions","Centres d'exposicions","Arts visuals",41.381057326,2.169793857
2019,"La Capella","La Capella","#Raval km0 ",2505,24/11/2018,06/01/2019,Externa,,01,"Ciutat Vella",01,"el Raval",Municipal,"Museus i espais d'exposicions","Centres d'exposicions","Arts visuals",41.381057326,2.169793857
2019,"La Capella","La Capella","Les escenes",32045,27/01/2019,30/06/2019,Pròpia,,01,"Ciutat Vella",01,"el Raval",Municipal,"Museus i espais d'exposicions","Centres d'exposicions","Arts visuals",41.381057326,2.169793857
2019,"La Capella","La Capella","Interfícies. Arts visuals-territoris-salut",142,22/10/2019,17/11/2019,Externa,,01,"Ciutat Vella",01,"el Raval",Municipal,"Museus i espais d'exposicions","Centres d'exposicions","Arts visuals",41.381057326,2.169793857
2019,"La Pedrera","La Pedrera","Bill Viola. Miralls de l' Invisible",77318,01/01/2019,31/12/2019,Pròpia,,02,Eixample,07,"la Dreta de Eixample",Privada,"Museus i espais d'exposicions","Espais d'interès arquitectònic","Arts visuals",41.395316302,2.162043384
2019,"La Pedrera","La Pedrera","Obres obertes. Art en moviment 1955-1975",17715,01/01/2019,31/12/2019,Pròpia,,02,Eixample,07,"la Dreta de Eixample",Privada,"Museus i espais d'exposicions","Espais d'interès arquitectònic","Arts visuals",41.395316302,2.162043384
2019,"La Pedrera","La Pedrera","Gabriel Cualladó. Essencial",127664,08/03/2019,31/12/2019,Coproducció,,02,Eixample,07,"la Dreta de Eixample",Privada,"Museus i espais d'exposicions","Espais d'interès arquitectònic","Arts visuals",41.395316302,2.162043384
2019,"La Virreina Centre de la Imatge","La Virreina Centre de la Imatge","Jorge Ribalta ""Àngels nous. Escenes de la reforma de la plaça de la Gardunya (2005-2018)",,20/07/2019,27/10/2019,Pròpia,,01,"Ciutat Vella",01,"el Raval",Municipal,"Museus i espais d'exposicions","Centres d'exposicions","Arts visuals",41.382498322,2.171708630
2019,"La Virreina Centre de la Imatge","La Virreina Centre de la Imatge","Nora Ancarola ""Panòptic_frontera 601""",,20/07/2019,27/10/2019,Pròpia,,01,"Ciutat Vella",01,"el Raval",Municipal,"Museus i espais d'exposicions","Centres d'exposicions","Arts visuals",41.382498322,2.171708630
2019,"La Virreina Centre de la Imatge","La Virreina Centre de la Imatge","August Sander. Fotografies de «Gent del segle xx» ",47056,22/03/2019,23/06/2019,Pròpia,,01,"Ciutat Vella",01,"el Raval",Municipal,"Museus i espais d'exposicions","Centres d'exposicions","Arts visuals",41.382498322,2.171708630
2019,"La Virreina Centre de la Imatge","La Virreina Centre de la Imatge","Duen Sacchi ""Organolèptic""",,07/11/2018,03/03/2019,Pròpia,,01,"Ciutat Vella",01,"el Raval",Municipal,"Museus i espais d'exposicions","Centres d'exposicions","Arts visuals",41.382498322,2.171708630
2019,"La Virreina Centre de la Imatge","La Virreina Centre de la Imatge","Ignasi de Solà-Morales ""Arquitectura i crítica""",12115,20/02/2019,12/05/2019,Pròpia,,01,"Ciutat Vella",01,"el Raval",Municipal,"Museus i espais d'exposicions","Centres d'exposicions","Arts visuals",41.382498322,2.171708630
2019,"La Virreina Centre de la Imatge","La Virreina Centre de la Imatge","María María Acha-Kutscher. Womankind",,22/03/2019,23/06/2019,Pròpia,,01,"Ciutat Vella",01,"el Raval",Municipal,"Museus i espais d'exposicions","Centres d'exposicions","Arts visuals",41.382498322,2.171708630
2019,"La Virreina Centre de la Imatge","La Virreina Centre de la Imatge","""La utopia paral·lela. Ciutats somiades a Cuba (1980-1993)""",18515,20/07/2019,27/10/2019,Pròpia,,01,"Ciutat Vella",01,"el Raval",Municipal,"Museus i espais d'exposicions","Centres d'exposicions","Arts visuals",41.382498322,2.171708630
2019,"La Virreina Centre de la Imatge","La Virreina Centre de la Imatge","Daniela Ortiz: ""Esta tierra jamás será fértil por haber parido colonos""",,23/11/2019,23/02/2020,Pròpia,,01,"Ciutat Vella",01,"el Raval",Municipal,"Museus i espais d'exposicions","Centres d'exposicions","Arts visuals",41.382498322,2.171708630
2019,"La Virreina Centre de la Imatge","La Virreina Centre de la Imatge","Gabinet Voula Papaioannou",,23/11/2019,23/02/2020,Coproducció,,01,"Ciutat Vella",01,"el Raval",Municipal,"Museus i espais d'exposicions","Centres d'exposicions","Arts visuals",41.382498322,2.171708630
2019,"La Virreina Centre de la Imatge","La Virreina Centre de la Imatge","Lorenza Böttner ""Rèquiem per la norma""",,07/11/2018,03/02/2019,Coproducció,,01,"Ciutat Vella",01,"el Raval",Municipal,"Museus i espais d'exposicions","Centres d'exposicions","Arts visuals",41.382498322,2.171708630
2019,"La Virreina Centre de la Imatge","La Virreina Centre de la Imatge","Sala Aixelá (1959-1975)",6756,23/11/2019,23/02/2020,Pròpia,,01,"Ciutat Vella",01,"el Raval",Municipal,"Museus i espais d'exposicions","Centres d'exposicions","Arts visuals",41.382498322,2.171708630
2019,"La Virreina Centre de la Imatge","La Virreina Centre de la Imatge","Claudio Zulian ""Vallès: fabricar passats, fabricar futurs""",7311,07/06/2019,29/09/2019,Pròpia,,01,"Ciutat Vella",01,"el Raval",Municipal,"Museus i espais d'exposicions","Centres d'exposicions","Arts visuals",41.382498322,2.171708630
2019,"La Virreina Centre de la Imatge","La Virreina Centre de la Imatge","Exit Photography Group ""Survival Programmes""",16652,07/11/2018,03/03/2019,Pròpia,,01,"Ciutat Vella",01,"el Raval",Municipal,"Museus i espais d'exposicions","Centres d'exposicions","Arts visuals",41.382498322,2.171708630
2019,"Museu d'Arqueologia de Catalunya","Museu d'Arqueologia de Catalunya","L'esplendor dels castells medievals catalans",33345,06/09/2018,03/06/2019,Pròpia,,03,Sants-Montjuïc,11,"el Poble-sec","Pública no municipal","Museus i espais d'exposicions","Museus i col·leccions","Història i memòria",41.370153865,2.157646024
2019,"Museu d'Arqueologia de Catalunya","Museu d'Arqueologia de Catalunya","Arqueologia a l'exili",10563,24/04/2019,06/10/2019,Coproducció,,03,Sants-Montjuïc,11,"el Poble-sec","Pública no municipal","Museus i espais d'exposicions","Museus i col·leccions","Història i memòria",41.370153865,2.157646024
2019,"Museu d'Art Contemporani de Barcelona. MACBA","Museu d'Art Contemporani de Barcelona. MACBA","Mostreig #3. Anti-books",1262,25/09/2019,07/02/2020,Pròpia,,01,"Ciutat Vella",01,"el Raval","Consorci o fundació amb presència municipal","Museus i espais d'exposicions","Museus i col·leccions","Arts visuals",41.383145956,2.167830774
2019,"Museu d'Art Contemporani de Barcelona. MACBA","Museu d'Art Contemporani de Barcelona. MACBA","Territoris indefinits",84217,17/05/2019,20/10/2019,Pròpia,,01,"Ciutat Vella",01,"el Raval","Consorci o fundació amb presència municipal","Museus i espais d'exposicions","Museus i col·leccions","Arts visuals",41.383145956,2.167830774
2019,"Museu d'Art Contemporani de Barcelona. MACBA","Museu d'Art Contemporani de Barcelona. MACBA","Charlotte Posenenske: Work in Progress",35253,18/10/2019,08/03/2020,Pròpia,,01,"Ciutat Vella",01,"el Raval","Consorci o fundació amb presència municipal","Museus i espais d'exposicions","Museus i col·leccions","Arts visuals",41.383145956,2.167830774
2019,"Museu d'Art Contemporani de Barcelona. MACBA","Museu d'Art Contemporani de Barcelona. MACBA","Jaume  Plensa",118623,30/11/2018,22/04/2019,Pròpia,,01,"Ciutat Vella",01,"el Raval","Consorci o fundació amb presència municipal","Museus i espais d'exposicions","Museus i col·leccions","Arts visuals",41.383145956,2.167830774
2019,"Museu d'Art Contemporani de Barcelona. MACBA","Museu d'Art Contemporani de Barcelona. MACBA",Takis,20643,22/11/2019,13/09/2020,Pròpia,,01,"Ciutat Vella",01,"el Raval","Consorci o fundació amb presència municipal","Museus i espais d'exposicions","Museus i col·leccions","Arts visuals",41.383145956,2.167830774
2019,"Museu d'Art Contemporani de Barcelona. MACBA","Museu d'Art Contemporani de Barcelona. MACBA","Anarxiu Sida",1599,15/11/2018,18/04/2019,Pròpia,,01,"Ciutat Vella",01,"el Raval","Consorci o fundació amb presència municipal","Museus i espais d'exposicions","Museus i col·leccions","Arts visuals",41.383145956,2.167830774
2019,"Museu d'Art Contemporani de Barcelona. MACBA","Museu d'Art Contemporani de Barcelona. MACBA","Freak Orlando - Capella",12696,27/07/2019,04/09/2019,Pròpia,,01,"Ciutat Vella",01,"el Raval","Consorci o fundació amb presència municipal","Museus i espais d'exposicions","Museus i col·leccions","Arts visuals",41.383145956,2.167830774
2019,"Museu d'Art Contemporani de Barcelona. MACBA","Museu d'Art Contemporani de Barcelona. MACBA","Raqs. Al descobert o d'amagat",79093,31/10/2018,17/03/2019,Pròpia,,01,"Ciutat Vella",01,"el Raval","Consorci o fundació amb presència municipal","Museus i espais d'exposicions","Museus i col·leccions","Arts visuals",41.383145956,2.167830774
2019,"Museu d'Art Contemporani de Barcelona. MACBA","Museu d'Art Contemporani de Barcelona. MACBA","Una arxiva del DIY",1785,27/04/2019,11/09/2019,Pròpia,,01,"Ciutat Vella",01,"el Raval","Consorci o fundació amb presència municipal","Museus i espais d'exposicions","Museus i col·leccions","Arts visuals",41.383145956,2.167830774
2019,"Museu d'Art Contemporani de Barcelona. MACBA","Museu d'Art Contemporani de Barcelona. MACBA","Christian Marclay. Composicions",102015,12/04/2019,24/09/2019,Pròpia,,01,"Ciutat Vella",01,"el Raval","Consorci o fundació amb presència municipal","Museus i espais d'exposicions","Museus i col·leccions","Arts visuals",41.383145956,2.167830774
2019,"Museu d'Història de Barcelona. MUHBA","MUHBA Plaça del Rei","El Camp de la Bota",4889,24/02/2019,17/03/2019,Pròpia,,01,"Ciutat Vella",02,"el Barri Gòtic",Municipal,"Museus i espais d'exposicions","Museus i col·leccions","Història i memòria",41.384316,2.177521
2019,"Museu d'Història de Barcelona. MUHBA","MUHBA Plaça del Rei","Barcelona Flashback. Kit d'història en 100 objectes",9696,09/10/2019,31/12/2020,Pròpia,,01,"Ciutat Vella",02,"el Barri Gòtic",Municipal,"Museus i espais d'exposicions","Museus i col·leccions","Història i memòria",41.384316,2.177521
2019,"Museu d'Història de Barcelona. MUHBA","MUHBA Plaça del Rei","La conquesta del litoral, segles XX-XXI",,30/03/2019,31/10/2019,Pròpia,,01,"Ciutat Vella",02,"el Barri Gòtic",Municipal,"Museus i espais d'exposicions","Museus i col·leccions","Història i memòria",41.384316,2.177521
2019,"Museu d'Història de Barcelona. MUHBA","MUHBA Plaça del Rei","Barcelona capital mediterrània",85516,29/03/2019,12/01/2020,Pròpia,,01,"Ciutat Vella",02,"el Barri Gòtic",Municipal,"Museus i espais d'exposicions","Museus i col·leccions","Història i memòria",41.384316,2.177521
2019,"Museu d'Història de Barcelona. MUHBA","MUHBA Plaça del Rei","Entre la revolució i el desig. Miguel Núñez a Barcelona",1435,03/04/2019,28/04/2019,Coproducció,,01,"Ciutat Vella",02,"el Barri Gòtic",Municipal,"Museus i espais d'exposicions","Museus i col·leccions","Història i memòria",41.384316,2.177521
2019,"Museu d'Història de Catalunya","Museu d'Història de Catalunya","Moda i Modistes",17707,03/05/2019,13/10/2019,Pròpia,,01,"Ciutat Vella",03,"la Barceloneta","Pública no municipal","Museus i espais d'exposicions","Museus i col·leccions","Història i memòria",41.380668608,2.185503480
2019,"Museu d'Història de Catalunya","Museu d'Història de Catalunya","Desconstruint La Model",1866,13/12/2018,17/02/2019,Pròpia,,01,"Ciutat Vella",03,"la Barceloneta","Pública no municipal","Museus i espais d'exposicions","Museus i col·leccions","Història i memòria",41.380668608,2.185503480
2019,"Museu d'Història de Catalunya","Museu d'Història de Catalunya","Més enllà de les trinxeres",22899,21/06/2019,03/11/2019,Pròpia,,01,"Ciutat Vella",03,"la Barceloneta","Pública no municipal","Museus i espais d'exposicions","Museus i col·leccions","Història i memòria",41.380668608,2.185503480
2019,"Museu d'Història de Catalunya","Museu d'Història de Catalunya","Catalunya, terra cooperativa",4959,21/11/2018,17/02/2019,Pròpia,,01,"Ciutat Vella",03,"la Barceloneta","Pública no municipal","Museus i espais d'exposicions","Museus i col·leccions","Història i memòria",41.380668608,2.185503480
2019,"Museu d'Història de Catalunya","Museu d'Història de Catalunya","La vaga de la Canadenca",4193,21/11/2019,19/04/2020,Externa,,01,"Ciutat Vella",03,"la Barceloneta","Pública no municipal","Museus i espais d'exposicions","Museus i col·leccions","Història i memòria",41.380668608,2.185503480
2019,"Museu d'Història de Catalunya","Museu d'Història de Catalunya","L' Art de la ciència. Jordi Sabater Pi",4934,22/03/2019,10/05/2019,Coproducció,,01,"Ciutat Vella",03,"la Barceloneta","Pública no municipal","Museus i espais d'exposicions","Museus i col·leccions","Història i memòria",41.380668608,2.185503480
2019,"Museu de Ciències Naturals de Barcelona","MCNB Museu (Parc del Fòrum)","Micos, una història de primats",4564,12/12/2019,29/11/2020,Externa,,10,"Sant Martí",70,"el Besòs i el Maresme","Consorci o fundació amb presència municipal","Museus i espais d'exposicions","Museus i col·leccions",Ciència,41.410779883,2.220482541
2019,"Museu de Ciències Naturals de Barcelona","MCNB Museu (Parc del Fòrum)","40 anys de recerca lepidopterològica",,11/12/2018,20/01/2019,Externa,,10,"Sant Martí",70,"el Besòs i el Maresme","Consorci o fundació amb presència municipal","Museus i espais d'exposicions","Museus i col·leccions",Ciència,41.410779883,2.220482541
2019,"Museu de Ciències Naturals de Barcelona","MCNB Jardí Botànic de Barcelona","Connectem amb l'arquitectura",182,18/12/2019,02/03/2020,Coproducció,,03,Sants-Montjuïc,11,"el Poble-sec","Consorci o fundació amb presència municipal","Museus i espais d'exposicions","Museus i col·leccions",Ciència,41.361147184,2.152670465
2019,"Museu de Ciències Naturals de Barcelona","MCNB Museu (Parc del Fòrum)","Som Natura",62223,16/01/2019,10/11/2019,Coproducció,,10,"Sant Martí",70,"el Besòs i el Maresme","Consorci o fundació amb presència municipal","Museus i espais d'exposicions","Museus i col·leccions",Ciència,41.410779883,2.220482541
2019,"Museu de Ciències Naturals de Barcelona","MCNB Jardí Botànic de Barcelona","Connectem amb el Jardí Botànic",,31/01/2019,31/03/2019,Pròpia,,03,Sants-Montjuïc,11,"el Poble-sec","Consorci o fundació amb presència municipal","Museus i espais d'exposicions","Museus i col·leccions",Ciència,41.361147184,2.152670465
2019,"Museu de Ciències Naturals de Barcelona","MCNB Museu (Parc del Fòrum)","Patchwork evolutiu",,06/02/2019,17/02/2019,Pròpia,,10,"Sant Martí",70,"el Besòs i el Maresme","Consorci o fundació amb presència municipal","Museus i espais d'exposicions","Museus i col·leccions",Ciència,41.410779883,2.220482541
2019,"Museu de Ciències Naturals de Barcelona","MCNB Museu (Parc del Fòrum)","Connectem amb...Som Natura",,02/05/2019,30/06/2019,Coproducció,,10,"Sant Martí",70,"el Besòs i el Maresme","Consorci o fundació amb presència municipal","Museus i espais d'exposicions","Museus i col·leccions",Ciència,41.410779883,2.220482541
2019,"Museu de la Música","Museu de la Música","Músiques als dits. Sanses africanes de la Fundació La Fontana",10746,19/09/2019,30/08/2020,Coproducció,,02,Eixample,05,"el Fort Pienc","Consorci o fundació amb presència municipal","Museus i espais d'exposicions","Museus i col·leccions","Història i memòria",41.398366625,2.184867722
2019,"Museu de la Música","Museu de la Música","Instal·lació sonora Jürg Frey",6988,22/01/2019,10/03/2019,Pròpia,,02,Eixample,05,"el Fort Pienc","Consorci o fundació amb presència municipal","Museus i espais d'exposicions","Museus i col·leccions","Història i memòria",41.398366625,2.184867722
2019,"Museu de la Música","Museu de la Música","Mostra Harmòniques Col·lecció Jordi Òdena",3513,13/11/2019,08/12/2019,Pròpia,,02,Eixample,05,"el Fort Pienc","Consorci o fundació amb presència municipal","Museus i espais d'exposicions","Museus i col·leccions","Història i memòria",41.398366625,2.184867722
2019,"Museu de la Música","Museu de la Música","18 Moments estel·lars del simfonisme a Barcelona",579,06/03/2019,30/06/2019,Pròpia,,02,Eixample,05,"el Fort Pienc","Consorci o fundació amb presència municipal","Museus i espais d'exposicions","Museus i col·leccions","Història i memòria",41.398366625,2.184867722
2019,"Museu de la Música","Museu de la Música","Mostra Els Pastors Músics Col·lecció Romà Escalas",1444,10/12/2019,02/02/2020,Pròpia,,02,Eixample,05,"el Fort Pienc","Consorci o fundació amb presència municipal","Museus i espais d'exposicions","Museus i col·leccions","Història i memòria",41.398366625,2.184867722
2019,"Museu de la Música","Museu de la Música","RRR. Frederic Amat | CaboSanRoque | La Veronal",13470,21/03/2019,06/06/2019,Pròpia,,02,Eixample,05,"el Fort Pienc","Consorci o fundació amb presència municipal","Museus i espais d'exposicions","Museus i col·leccions","Història i memòria",41.398366625,2.184867722
2019,"Museu de la Música","Museu de la Música","Les guitarres d'en Quico Pi de la Serra",25005,18/10/2018,06/06/2019,Pròpia,,02,Eixample,05,"el Fort Pienc","Consorci o fundació amb presència municipal","Museus i espais d'exposicions","Museus i col·leccions","Història i memòria",41.398366625,2.184867722
2019,"Museu del Disseny de Barcelona","Glòries. Museu del Disseny","Salts per a la ciutat ",2394,10/09/2019,22/09/2019,Altres,,10,"Sant Martí",66,"el Parc i la Llacuna del Poblenou",Municipal,"Museus i espais d'exposicions","Museus i col·leccions","Arts visuals",41.402569757,2.188032505
2019,"Museu del Disseny de Barcelona","Glòries. Museu del Disseny","Joaquim Capdevila. Joies 1959-2019",14841,27/09/2019,17/11/2019,Pròpia,,10,"Sant Martí",66,"el Parc i la Llacuna del Poblenou",Municipal,"Museus i espais d'exposicions","Museus i col·leccions","Arts visuals",41.402569757,2.188032505
2019,"Museu del Disseny de Barcelona","Glòries. Museu del Disseny","El boom de la publicitat. Reclams de llauna, cartró i rajola. 1890-1950",33088,14/12/2018,31/03/2019,Pròpia,,10,"Sant Martí",66,"el Parc i la Llacuna del Poblenou",Municipal,"Museus i espais d'exposicions","Museus i col·leccions","Arts visuals",41.402569757,2.188032505
2019,"Museu del Disseny de Barcelona","Glòries. Museu del Disseny","Victor Papanek. La politica del disseny",21892,30/10/2019,02/02/2020,Coproducció,,10,"Sant Martí",66,"el Parc i la Llacuna del Poblenou",Municipal,"Museus i espais d'exposicions","Museus i col·leccions","Arts visuals",41.402569757,2.188032505
2019,"Museu del Disseny de Barcelona","Glòries. Museu del Disseny","El millor disseny de l'any",31011,17/05/2019,01/09/2019,Altres,,10,"Sant Martí",66,"el Parc i la Llacuna del Poblenou",Municipal,"Museus i espais d'exposicions","Museus i col·leccions","Arts visuals",41.402569757,2.188032505
2019,"Museu del Disseny de Barcelona","Glòries. Museu del Disseny","La nostra senzilla relació amb la tecnologia",12898,14/02/2019,16/03/2019,Coproducció,,10,"Sant Martí",66,"el Parc i la Llacuna del Poblenou",Municipal,"Museus i espais d'exposicions","Museus i col·leccions","Arts visuals",41.402569757,2.188032505
2019,"Museu del Modernisme de Barcelona","Museu del Modernisme de Barcelona"," Cusach. La milicia y el arte",9751,27/06/2019,29/09/2019,Coproducció,,02,Eixample,07,"la Dreta de Eixample",Privada,"Museus i espais d'exposicions","Museus i col·leccions","Arts visuals",41.388876027,2.163384936
2019,"Museu Egipci de Barcelona","Museu Egipci de Barcelona","Passió per l' Egipte faraònic",,11/07/2018,01/09/2019,Altres,,02,Eixample,07,"la Dreta de Eixample",Privada,"Museus i espais d'exposicions","Museus i col·leccions","Història i memòria",41.393626242,2.164736478
2019,"Museu Egipci de Barcelona","Museu Egipci de Barcelona","Dones i homes de l' antic Egipte",,22/10/2019,31/12/2019,Altres,,02,Eixample,07,"la Dreta de Eixample",Privada,"Museus i espais d'exposicions","Museus i col·leccions","Història i memòria",41.393626242,2.164736478
2019,"Museu Egipci de Barcelona","Museu Egipci de Barcelona","Tutankhamon. Història d'un descobriment",,30/11/2012,31/12/2019,Altres,,02,Eixample,07,"la Dreta de Eixample",Privada,"Museus i espais d'exposicions","Museus i col·leccions","Història i memòria",41.393626242,2.164736478
2019,"Museu Etnològic i de Cultures del Món","MUEC Montcada","De Mar a Mar",,17/10/2019,31/03/2020,Pròpia,,01,"Ciutat Vella",04,"Sant Pere, Santa Caterina i la Ribera",Municipal,"Museus i espais d'exposicions","Museus i col·leccions","Arts visuals",41.3853317,2.1805103
2019,"Museu Etnològic i de Cultures del Món","MUEC Montcada","IFNI. La mili dels Catalans a l'Àfrica",27110,23/01/2018,30/09/2019,Pròpia,,01,"Ciutat Vella",04,"Sant Pere, Santa Caterina i la Ribera",Municipal,"Museus i espais d'exposicions","Museus i col·leccions","Arts visuals",41.3853317,2.1805103
2019,"Museu Etnològic i de Cultures del Món","MUEC Parc Montjuïc","Les cares de Barcelona",10165,22/01/2017,31/12/2020,Pròpia,,03,Sants-Montjuïc,11,"el Poble-sec",Municipal,"Museus i espais d'exposicions","Museus i col·leccions","Arts visuals",41.369062110,2.155983304
2019,"Museu Etnològic i de Cultures del Món","MUEC Montcada","Els Forns d' Oli de Ginebre",,11/07/2019,31/10/2019,Pròpia,,01,"Ciutat Vella",04,"Sant Pere, Santa Caterina i la Ribera",Municipal,"Museus i espais d'exposicions","Museus i col·leccions","Arts visuals",41.3853317,2.1805103
2019,"Museu Etnològic i de Cultures del Món","MUEC Montcada","EL RETORN DE DOS RODAMONS",,22/03/2019,30/06/2019,Pròpia,,01,"Ciutat Vella",04,"Sant Pere, Santa Caterina i la Ribera",Municipal,"Museus i espais d'exposicions","Museus i col·leccions","Arts visuals",41.3853317,2.1805103
2019,"Museu Etnològic i de Cultures del Món","MUEC Montcada","Llibre de passanties dels fusters",,25/10/2018,10/03/2019,Pròpia,,01,"Ciutat Vella",04,"Sant Pere, Santa Caterina i la Ribera",Municipal,"Museus i espais d'exposicions","Museus i col·leccions","Arts visuals",41.3853317,2.1805103
2019,"Museu Frederic Marès","Museu Frederic Marès","Nova presentació museogràfica de l'estudi-biblioteca de Frederic Marès",21956,25/11/2018,24/11/2019,Pròpia,,01,"Ciutat Vella",02,"el Barri Gòtic",Municipal,"Museus i espais d'exposicions","Museus i col·leccions","Arts visuals",41.384173998,2.176939205
2019,"Museu Marítim de Barcelona. MMB","MMB Museu Marítim de Barcelona","Drap art 2019",,16/11/2019,19/01/2020,Externa,,01,"Ciutat Vella",01,"el Raval","Consorci o fundació amb presència municipal","Museus i espais d'exposicions","Museus i col·leccions","Història i memòria",41.375949813,2.176041471
2019,"Museu Marítim de Barcelona. MMB","MMB Museu Marítim de Barcelona","Arquitectura arran de mar",5557,30/10/2019,12/01/2020,Coproducció,,01,"Ciutat Vella",01,"el Raval","Consorci o fundació amb presència municipal","Museus i espais d'exposicions","Museus i col·leccions","Història i memòria",41.375949813,2.176041471
2019,"Museu Marítim de Barcelona. MMB","MMB Museu Marítim de Barcelona","L'art d'estibar",7564,17/07/2019,29/09/2019,Pròpia,,01,"Ciutat Vella",01,"el Raval","Consorci o fundació amb presència municipal","Museus i espais d'exposicions","Museus i col·leccions","Història i memòria",41.375949813,2.176041471
2019,"Museu Marítim de Barcelona. MMB","MMB Museu Marítim de Barcelona","Port, territori de frontera",,25/01/2018,19/05/2019,Pròpia,,01,"Ciutat Vella",01,"el Raval","Consorci o fundació amb presència municipal","Museus i espais d'exposicions","Museus i col·leccions","Història i memòria",41.375949813,2.176041471
2019,"Museu Marítim de Barcelona. MMB","MMB Museu Marítim de Barcelona","Dones de mar",,07/03/2019,09/07/2019,Pròpia,,01,"Ciutat Vella",01,"el Raval","Consorci o fundació amb presència municipal","Museus i espais d'exposicions","Museus i col·leccions","Història i memòria",41.375949813,2.176041471
2019,"Museu Marítim de Barcelona. MMB","MMB Museu Marítim de Barcelona","Antoni Benaiges, el mestre que va prometre el mar",15079,20/07/2018,26/05/2019,Pròpia,,01,"Ciutat Vella",01,"el Raval","Consorci o fundació amb presència municipal","Museus i espais d'exposicions","Museus i col·leccions","Història i memòria",41.375949813,2.176041471
2019,"Museu Marítim de Barcelona. MMB","MMB Museu Marítim de Barcelona","JOSEP COTÉ, FOTÒGRAF A BORD",,11/10/2019,30/09/2020,Pròpia,,01,"Ciutat Vella",01,"el Raval","Consorci o fundació amb presència municipal","Museus i espais d'exposicions","Museus i col·leccions","Història i memòria",41.375949813,2.176041471
2019,"Museu Marítim de Barcelona. MMB","MMB Museu Marítim de Barcelona","Continents i Onades",,10/10/2018,03/03/2019,Pròpia,,01,"Ciutat Vella",01,"el Raval","Consorci o fundació amb presència municipal","Museus i espais d'exposicions","Museus i col·leccions","Història i memòria",41.375949813,2.176041471
2019,"Museu Marítim de Barcelona. MMB","MMB Museu Marítim de Barcelona","Pailebot Santa Eulàlia. Un vaixell centenari",,02/06/2018,13/01/2019,Pròpia,,01,"Ciutat Vella",01,"el Raval","Consorci o fundació amb presència municipal","Museus i espais d'exposicions","Museus i col·leccions","Història i memòria",41.375949813,2.176041471
2019,"Museu Marítim de Barcelona. MMB","MMB Museu Marítim de Barcelona","Dibuixant la mar",,15/07/2019,15/09/2019,Pròpia,,01,"Ciutat Vella",01,"el Raval","Consorci o fundació amb presència municipal","Museus i espais d'exposicions","Museus i col·leccions","Història i memòria",41.375949813,2.176041471
2019,"Museu Marítim de Barcelona. MMB","MMB Museu Marítim de Barcelona","Gotes d'arxiu",,14/03/2018,31/12/2019,Pròpia,,01,"Ciutat Vella",01,"el Raval","Consorci o fundació amb presència municipal","Museus i espais d'exposicions","Museus i col·leccions","Història i memòria",41.375949813,2.176041471
2019,"Museu Marítim de Barcelona. MMB","MMB Museu Marítim de Barcelona","Cants de Sirena",,20/11/2019,30/11/2020,Pròpia,,01,"Ciutat Vella",01,"el Raval","Consorci o fundació amb presència municipal","Museus i espais d'exposicions","Museus i col·leccions","Història i memòria",41.375949813,2.176041471
2019,"Museu Marítim de Barcelona. MMB","MMB Museu Marítim de Barcelona","Objectes insòlits",,02/01/2018,31/12/2019,Pròpia,,01,"Ciutat Vella",01,"el Raval","Consorci o fundació amb presència municipal","Museus i espais d'exposicions","Museus i col·leccions","Història i memòria",41.375949813,2.176041471
2019,"Museu Marítim de Barcelona. MMB","MMB Museu Marítim de Barcelona",Tráns-ito,,28/11/2018,27/01/2019,Externa,,01,"Ciutat Vella",01,"el Raval","Consorci o fundació amb presència municipal","Museus i espais d'exposicions","Museus i col·leccions","Història i memòria",41.375949813,2.176041471
2019,"Museu Nacional d'Art de Catalunya. MNAC","Museu Nacional d'Art de Catalunya. MNAC","El Vibora",25846,21/06/2019,29/09/2019,Coproducció,,03,Sants-Montjuïc,11,"el Poble-sec","Consorci o fundació amb presència municipal","Museus i espais d'exposicions","Museus i col·leccions","Arts visuals",41.368853566,2.153363173
2019,"Museu Nacional d'Art de Catalunya. MNAC","Museu Nacional d'Art de Catalunya. MNAC","Osamu Tezuka",15873,31/10/2019,06/01/2020,Coproducció,,03,Sants-Montjuïc,11,"el Poble-sec","Consorci o fundació amb presència municipal","Museus i espais d'exposicions","Museus i col·leccions","Arts visuals",41.368853566,2.153363173
2019,"Museu Nacional d'Art de Catalunya. MNAC","Museu Nacional d'Art de Catalunya. MNAC","Bartolomè Bermejo",41081,15/02/2019,19/05/2019,Coproducció,,03,Sants-Montjuïc,11,"el Poble-sec","Consorci o fundació amb presència municipal","Museus i espais d'exposicions","Museus i col·leccions","Arts visuals",41.368853566,2.153363173
2019,"Museu Nacional d'Art de Catalunya. MNAC","Museu Nacional d'Art de Catalunya. MNAC","Oriol Maspons",64808,05/07/2019,12/01/2020,Pròpia,,03,Sants-Montjuïc,11,"el Poble-sec","Consorci o fundació amb presència municipal","Museus i espais d'exposicions","Museus i col·leccions","Arts visuals",41.368853566,2.153363173
2019,"Museu Nacional d'Art de Catalunya. MNAC","Museu Nacional d'Art de Catalunya. MNAC","Antoni Fabrés",45302,31/05/2019,29/09/2019,Pròpia,,03,Sants-Montjuïc,11,"el Poble-sec","Consorci o fundació amb presència municipal","Museus i espais d'exposicions","Museus i col·leccions","Arts visuals",41.368853566,2.153363173
2019,"Museu Nacional d'Art de Catalunya. MNAC","Museu Nacional d'Art de Catalunya. MNAC","Liberxina, Pop i nous comportaments artístics, 1966-1971	",16237,16/11/2018,22/04/2019,Pròpia,,03,Sants-Montjuïc,11,"el Poble-sec","Consorci o fundació amb presència municipal","Museus i espais d'exposicions","Museus i col·leccions","Arts visuals",41.368853566,2.153363173
2019,"Museu Olímpic i de l'Esport Joan Antoni Samaranch","Museu Olímpic i de l'Esport Joan Antoni Samaranch","Diàleg entre dues ciutats olímpiques",6387,21/10/2019,15/12/2019,Externa,,03,Sants-Montjuïc,11,"el Poble-sec",Municipal,"Museus i espais d'exposicions","Museus i col·leccions","Història i memòria",41.366249336,2.157076095
2019,"Museu Olímpic i de l'Esport Joan Antoni Samaranch","Museu Olímpic i de l'Esport Joan Antoni Samaranch",Olímpics,967,17/12/2019,26/04/2020,Pròpia,,03,Sants-Montjuïc,11,"el Poble-sec",Municipal,"Museus i espais d'exposicions","Museus i col·leccions","Història i memòria",41.366249336,2.157076095
2019,"Museu Olímpic i de l'Esport Joan Antoni Samaranch","Museu Olímpic i de l'Esport Joan Antoni Samaranch","Club Centenari: FC Martinenc",23874,30/04/2019,13/10/2019,Pròpia,,03,Sants-Montjuïc,11,"el Poble-sec",Municipal,"Museus i espais d'exposicions","Museus i col·leccions","Història i memòria",41.366249336,2.157076095
2019,"Museu Olímpic i de l'Esport Joan Antoni Samaranch","Museu Olímpic i de l'Esport Joan Antoni Samaranch","40 anys d'ajuntaments Democràtics",5368,11/12/2018,04/03/2019,Pròpia,,03,Sants-Montjuïc,11,"el Poble-sec",Municipal,"Museus i espais d'exposicions","Museus i col·leccions","Història i memòria",41.366249336,2.157076095
2019,"Museu Olímpic i de l'Esport Joan Antoni Samaranch","Museu Olímpic i de l'Esport Joan Antoni Samaranch","Premi Art Sobre Paper",9994,05/03/2019,28/04/2019,Pròpia,,03,Sants-Montjuïc,11,"el Poble-sec",Municipal,"Museus i espais d'exposicions","Museus i col·leccions","Història i memòria",41.366249336,2.157076095
2019,"Museu Picasso","Museu Picasso","En el nom del pare",183781,07/06/2019,24/09/2019,Externa,,01,"Ciutat Vella",04,"Sant Pere, Santa Caterina i la Ribera","Consorci o fundació amb presència municipal","Museus i espais d'exposicions","Museus i col·leccions","Arts visuals",41.385152312,2.180834795
2019,"Museu Picasso","Museu Picasso","Picasso poeta",80824,07/11/2019,01/03/2020,Coproducció,,01,"Ciutat Vella",04,"Sant Pere, Santa Caterina i la Ribera","Consorci o fundació amb presència municipal","Museus i espais d'exposicions","Museus i col·leccions","Arts visuals",41.385152312,2.180834795
2019,"Museu Picasso","Museu Picasso","Pablo Picasso, Paul Eluard. Una amistat sublim",80824,07/11/2019,15/03/2020,Pròpia,,01,"Ciutat Vella",04,"Sant Pere, Santa Caterina i la Ribera","Consorci o fundació amb presència municipal","Museus i espais d'exposicions","Museus i col·leccions","Arts visuals",41.385152312,2.180834795
2019,"Museu Picasso","Museu Picasso","Sabartés per Picasso per Sabartés",174448,23/11/2018,31/03/2019,Pròpia,,01,"Ciutat Vella",04,"Sant Pere, Santa Caterina i la Ribera","Consorci o fundació amb presència municipal","Museus i espais d'exposicions","Museus i col·leccions","Arts visuals",41.385152312,2.180834795
2019,"Museu Picasso","Museu Picasso","Pabli Picasso i els editors Gustavo Gili. Treball i amistat.",,23/11/2018,31/03/2019,Pròpia,,01,"Ciutat Vella",04,"Sant Pere, Santa Caterina i la Ribera","Consorci o fundació amb presència municipal","Museus i espais d'exposicions","Museus i col·leccions","Arts visuals",41.385152312,2.180834795
2019,"Museu Picasso","Museu Picasso","Picasso, la mirada del fotògraf",183781,07/06/2019,24/09/2019,Coproducció,,01,"Ciutat Vella",04,"Sant Pere, Santa Caterina i la Ribera","Consorci o fundació amb presència municipal","Museus i espais d'exposicions","Museus i col·leccions","Arts visuals",41.385152312,2.180834795
2019,"Palau Güell","Palau Güell","Jujol, l' arquitectura del color",,02/07/2019,03/11/2019,Altres,,01,"Ciutat Vella",01,"el Raval","Pública no municipal","Museus i espais d'exposicions","Espais d'interès arquitectònic","Història i memòria",41.3791747,2.1744127
2019,"Palau Güell","Palau Güell","Eusebi Güell i Bacigalupi,patrici de la Renaixença",,10/10/2018,30/04/2019,Pròpia,,01,"Ciutat Vella",01,"el Raval","Pública no municipal","Museus i espais d'exposicions","Espais d'interès arquitectònic","Història i memòria",41.3791747,2.1744127
2019,"Palau Robert","Palau Robert","Maria del Mar Bonet als ulls de Toni Catany",,17/07/2019,17/11/2019,Pròpia,,02,Eixample,07,"la Dreta de Eixample","Pública no municipal","Museus i espais d'exposicions","Centres d'exposicions","Arts visuals",41.396100952,2.159514266
2019,"Palau Robert","Palau Robert","BCN Dol",,12/02/2019,24/04/2019,Pròpia,,02,Eixample,07,"la Dreta de Eixample","Pública no municipal","Museus i espais d'exposicions","Centres d'exposicions","Arts visuals",41.396100952,2.159514266
2019,"Palau Robert","Palau Robert","Ramon Margalef, ecòleg global",,12/12/2019,02/02/2020,Pròpia,,02,Eixample,07,"la Dreta de Eixample","Pública no municipal","Museus i espais d'exposicions","Centres d'exposicions","Arts visuals",41.396100952,2.159514266
2019,"Palau Robert","Palau Robert","Cèl·lules sobre llenç",,07/02/2019,11/02/2019,Pròpia,,02,Eixample,07,"la Dreta de Eixample","Pública no municipal","Museus i espais d'exposicions","Centres d'exposicions","Arts visuals",41.396100952,2.159514266
2019,"Palau Robert","Palau Robert","Corrupció! Revolta ètica ",,17/09/2019,24/11/2019,Pròpia,,02,Eixample,07,"la Dreta de Eixample","Pública no municipal","Museus i espais d'exposicions","Centres d'exposicions","Arts visuals",41.396100952,2.159514266
2019,"Palau Robert","Palau Robert","Universal. La salut a Catalunya",,13/11/2018,11/02/2019,Pròpia,,02,Eixample,07,"la Dreta de Eixample","Pública no municipal","Museus i espais d'exposicions","Centres d'exposicions","Arts visuals",41.396100952,2.159514266
2019,"Palau Robert","Palau Robert","L'empremta familiar. DOCfield Barcelona 2018",,29/10/2018,03/02/2019,Pròpia,,02,Eixample,07,"la Dreta de Eixample","Pública no municipal","Museus i espais d'exposicions","Centres d'exposicions","Arts visuals",41.396100952,2.159514266
2019,"Palau Robert","Palau Robert","Azorín i Catalunya",,11/04/2019,26/05/2019,Pròpia,,02,Eixample,07,"la Dreta de Eixample","Pública no municipal","Museus i espais d'exposicions","Centres d'exposicions","Arts visuals",41.396100952,2.159514266
2019,"Palau Robert","Palau Robert","Mig Europa Cau. Impressions de Josep Pla sobre la Gran Guerra ",,04/02/2019,31/03/2019,Pròpia,,02,Eixample,07,"la Dreta de Eixample","Pública no municipal","Museus i espais d'exposicions","Centres d'exposicions","Arts visuals",41.396100952,2.159514266
2019,"Palau Robert","Palau Robert","Catalunya: 7,5 milions de futurs",,01/03/2019,30/06/2019,Pròpia,,02,Eixample,07,"la Dreta de Eixample","Pública no municipal","Museus i espais d'exposicions","Centres d'exposicions","Arts visuals",41.396100952,2.159514266
2019,"Palau Robert","Palau Robert","Kosmos Panikkar",,11/10/2018,03/02/2019,Pròpia,,02,Eixample,07,"la Dreta de Eixample","Pública no municipal","Museus i espais d'exposicions","Centres d'exposicions","Arts visuals",41.396100952,2.159514266
2019,"Palau Robert","Palau Robert","America Sanchez: clàssic, modern, jazz i tropical",,21/10/2019,23/02/2020,Pròpia,,02,Eixample,07,"la Dreta de Eixample","Pública no municipal","Museus i espais d'exposicions","Centres d'exposicions","Arts visuals",41.396100952,2.159514266
2019,"Palau Robert","Palau Robert","Menys plàstic, més vida!",,21/03/2019,20/04/2019,Pròpia,,02,Eixample,07,"la Dreta de Eixample","Pública no municipal","Museus i espais d'exposicions","Centres d'exposicions","Arts visuals",41.396100952,2.159514266
2019,"Palau Robert","Palau Robert","Carem Ruscalleda. L'essència del gust",,26/03/2019,29/09/2019,Pròpia,,02,Eixample,07,"la Dreta de Eixample","Pública no municipal","Museus i espais d'exposicions","Centres d'exposicions","Arts visuals",41.396100952,2.159514266
2019,"Palau Robert","Palau Robert","Total visites exposicions de l'any",909898,01/01/2015,31/12/2022,Pròpia,,02,Eixample,07,"la Dreta de Eixample","Pública no municipal","Museus i espais d'exposicions","Centres d'exposicions","Arts visuals",41.396100952,2.159514266
2019,"Palau Robert","Palau Robert","Els viatgers del Winnipeg",,05/06/2019,31/08/2019,Pròpia,,02,Eixample,07,"la Dreta de Eixample","Pública no municipal","Museus i espais d'exposicions","Centres d'exposicions","Arts visuals",41.396100952,2.159514266
2019,"Palau Robert","Palau Robert","Viatge a un arxiu ",,04/12/2019,29/12/2019,Pròpia,,02,Eixample,07,"la Dreta de Eixample","Pública no municipal","Museus i espais d'exposicions","Centres d'exposicions","Arts visuals",41.396100952,2.159514266
2019,"Pavelló Mies van der Rohe","Pavelló Mies van der Rohe","What's old, what's new",4313,07/05/2019,10/06/2019,Pròpia,,03,Sants-Montjuïc,11,"el Poble-sec",Municipal,"Museus i espais d'exposicions","Espais d'interès arquitectònic","Història i memòria",41.370666,2.149491
2019,"Pavelló Mies van der Rohe","Pavelló Mies van der Rohe","Intervenció artística 1:100 Past and Present",4787,21/09/2019,13/10/2019,Coproducció,,03,Sants-Montjuïc,11,"el Poble-sec",Municipal,"Museus i espais d'exposicions","Espais d'interès arquitectònic","Història i memòria",41.370666,2.149491
2019,"Pavelló Mies van der Rohe","Pavelló Mies van der Rohe","Intervenció artística ""Geometry of Light"" by Luftwerk & Iker Gil",849,10/02/2019,17/02/2019,Coproducció,,03,Sants-Montjuïc,11,"el Poble-sec",Municipal,"Museus i espais d'exposicions","Espais d'interès arquitectònic","Història i memòria",41.370666,2.149491
2019,"Pavelló Mies van der Rohe","Pavelló Mies van der Rohe","No fear of Glass",2994,20/12/2019,12/01/2020,Pròpia,,03,Sants-Montjuïc,11,"el Poble-sec",Municipal,"Museus i espais d'exposicions","Espais d'interès arquitectònic","Història i memòria",41.370666,2.149491
2019,"Pavelló Mies van der Rohe","Pavelló Mies van der Rohe","Intervenció artística ""Dazwischen"" de Lucrecia Dalt",525,18/07/2019,20/07/2019,Coproducció,,03,Sants-Montjuïc,11,"el Poble-sec",Municipal,"Museus i espais d'exposicions","Espais d'interès arquitectònic","Història i memòria",41.370666,2.149491
2019,"Pavelló Mies van der Rohe","Pavelló Mies van der Rohe","Intervenció artística Kasta Macka (Klara Lidén)",1829,16/11/2019,24/11/2019,Coproducció,,03,Sants-Montjuïc,11,"el Poble-sec",Municipal,"Museus i espais d'exposicions","Espais d'interès arquitectònic","Història i memòria",41.370666,2.149491
2019,"Reial Monestir de Santa Maria de Pedralbes","Reial Monestir de Santa Maria de Pedralbes","Vida? o teatre? Charlotte Salomon. Berlin 1917-Auschwitz 1943",18887,17/10/2018,17/02/2019,Coproducció,,04,"Les Corts",21,Pedralbes,Municipal,"Museus i espais d'exposicions","Museus i col·leccions","Història i memòria",41.395574166,2.112056853
